1758535200000000,1.00000000,5.18600000,1.00000000,3.49400000,10116834.93000000,1758538799999999,37884218.21306000,104427,4817770.08000000,18072749.56028000,0
1758538800000000,3.49700000,7.11500000,3.46100000,5.60800000,18383684.46000000,1758542399999999,92588200.39315000,235935,9432368.73000000,47787673.23521000,0
1758542400000000,5.60100000,7.26000000,5.05000000,5.52300000,10927671.89000000,1758545999999999,65004347.46515000,169646,5601447.52000000,33443229.45072000,0
1758546000000000,5.51400000,5.76500000,4.60000000,5.33700000,8212414.02000000,1758549599999999,42055855.52049000,138080,4183596.86000000,21438561.92808000,0
1758549600000000,5.33600000,5.58400000,4.75500000,4.89300000,4596974.75000000,1758553199999999,23839077.86687000,115465,2213203.85000000,11524640.87655000,0
1758553200000000,4.89000000,5.11600000,4.72100000,5.03300000,3053156.19000000,1758556799999999,15153147.18761000,81504,1594976.03000000,7922511.40155000,0
1758556800000000,5.03400000,5.35600000,4.80000000,4.98100000,3273853.17000000,1758560399999999,16920774.44101000,95322,1745644.68000000,9021915.94828000,0
1758560400000000,4.98300000,5.13900000,4.75800000,4.84800000,1449854.28000000,1758563999999999,7164166.71884000,47423,733250.68000000,3625571.34356000,0
1758564000000000,4.84600000,4.98000000,4.32500000,4.35200000,2165203.40000000,1758567599999999,10071161.76329000,46352,979943.45000000,4569877.85232000,0
1758567600000000,4.35000000,4.72100000,4.18400000,4.67500000,2651142.37000000,1758571199999999,11916595.01666000,58251,1401193.38000000,6297392.15865000,0
1758571200000000,4.67400000,4.75000000,4.52800000,4.67600000,1048859.04000000,1758574799999999,4875581.90147000,24931,501698.80000000,2334188.03328000,0
1758574800000000,4.67800000,4.69700000,4.42600000,4.55400000,1278046.70000000,1758578399999999,5877106.77579000,25737,606184.81000000,2790727.28661000,0
1758578400000000,4.55500000,4.58800000,4.33900000,4.55600000,858728.23000000,1758581999999999,3834574.22888000,27297,417178.45000000,1862826.29419000,0
1758582000000000,4.55300000,4.85000000,4.41300000,4.83900000,1395229.35000000,1758585599999999,6503643.19183000,33937,764258.95000000,3562757.90167000,0
1758585600000000,4.83800000,5.00000000,4.56600000,4.94200000,1853542.81000000,1758589199999999,8813164.63068000,40015,1003142.48000000,4771909.35919000,0
1758589200000000,4.93500000,6.10000000,4.91200000,6.09900000,4924368.26000000,1758592799999999,26857170.93808000,90202,2676304.35000000,14589612.95092000,0
1758592800000000,6.09100000,7.18000000,5.77400000,6.50400000,7662552.47000000,1758596399999999,49121180.53611000,161445,3952452.09000000,25383887.23931000,0
1758596400000000,6.50200000,6.98900000,5.63300000,6.06400000,5436358.18000000,1758599999999999,33749808.80909000,108096,2795992.39000000,17328382.53350000,0
1758600000000000,6.06500000,6.34900000,5.75600000,6.16100000,3001678.11000000,1758603599999999,18218210.75919000,75769,1517844.80000000,9220577.66556000,0
1758603600000000,6.15800000,6.31400000,5.86100000,6.11100000,2017210.95000000,1758607199999999,12324712.47959000,50631,1012553.43000000,6191083.88931000,0
1758607200000000,6.11000000,6.23800000,5.83800000,5.92400000,2085208.77000000,1758610799999999,12664529.54850000,65473,983274.88000000,5979291.83648000,0
1758610800000000,5.92500000,6.01600000,5.57300000,5.84200000,1979357.92000000,1758614399999999,11534786.88838000,66728,974954.78000000,5686341.39569000,0
1758614400000000,5.84000000,6.06800000,5.75600000,5.93200000,1402888.64000000,1758617999999999,8285857.24041000,50128,705212.82000000,4165770.11520000,0
1758618000000000,5.92700000,5.95800000,5.61600000,5.84200000,1108405.87000000,1758621599999999,6388135.85055000,33706,514596.82000000,2966789.64219000,0
1758621600000000,5.83900000,5.94000000,5.71100000,5.75100000,1035512.33000000,1758625199999999,6042458.26509000,34920,466592.55000000,2722938.15089000,0
1758625200000000,5.75100000,5.75100000,5.35000000,5.46200000,1992679.84000000,1758628799999999,10996580.21463000,69637,981040.86000000,5413986.62977000,0
1758628800000000,5.46200000,5.66500000,5.33000000,5.58600000,1655875.46000000,1758632399999999,9125541.92539000,42132,802359.66000000,4429544.94916000,0
1758632400000000,5.58500000,6.02800000,5.56000000,5.63900000,1983775.00000000,1758635999999999,11436616.37047000,56606,1054492.73000000,6081181.25312000,0
1758636000000000,5.63900000,5.64600000,5.31500000,5.40400000,2823777.53000000,1758639599999999,15426174.32469000,57090,1511049.97000000,8246952.69936000,0
1758639600000000,5.40200000,5.49600000,5.14000000,5.23800000,1546326.57000000,1758643199999999,8155084.62466000,37072,780718.41000000,4117412.28044000,0
1758643200000000,5.23900000,5.33300000,5.12600000,5.24300000,1027428.61000000,1758646799999999,5388197.40952000,30193,509473.09000000,2673217.56479000,0
1758646800000000,5.23800000,5.26200000,4.97000000,5.03400000,1257635.84000000,1758650399999999,6425181.35552000,28572,617816.55000000,3157940.84193000,0
1758650400000000,5.03500000,5.43900000,5.02500000,5.35900000,981890.37000000,1758653999999999,5152026.52351000,30581,483932.87000000,2539255.06880000,0
1758654000000000,5.35500000,5.64600000,5.34000000,5.42700000,1656903.69000000,1758657599999999,9075131.72444000,40380,768636.46000000,4214504.48310000,0
1758657600000000,5.42700000,5.47800000,5.30600000,5.36700000,664987.18000000,1758661199999999,3596150.00039000,21456,300412.72000000,1624949.26663000,0
1758661200000000,5.36400000,5.37400000,5.19800000,5.28400000,595175.55000000,1758664799999999,3139750.33200000,17977,276011.42000000,1456369.69406000,0
1758664800000000,5.28400000,5.57900000,5.27700000,5.47500000,848941.68000000,1758668399999999,4640223.90482000,38798,437093.87000000,2387638.49706000,0
1758668400000000,5.47600000,6.04100000,5.43200000,5.81500000,3207341.21000000,1758671999999999,18381198.17759000,92959,1537398.92000000,8806982.36679000,0
1758672000000000,5.82000000,5.89500000,5.43700000,5.62200000,1470871.87000000,1758675599999999,8268873.43505000,45013,713608.65000000,4012629.26988000,0
1758675600000000,5.62200000,5.63200000,5.31800000,5.44400000,865168.21000000,1758679199999999,4761548.33049000,26026,424179.38000000,2331542.39087000,0
1758679200000000,5.44100000,5.69500000,5.29700000,5.54300000,1042226.52000000,1758682799999999,5705927.16177000,28023,525958.13000000,2882333.13101000,0
1758682800000000,5.54200000,5.58200000,5.32200000,5.34900000,792033.55000000,1758686399999999,4308677.61657000,24304,353939.17000000,1923925.31798000,0
1758686400000000,5.34700000,5.34700000,5.10100000,5.30900000,962558.12000000,1758689999999999,5034076.13781000,27972,435901.69000000,2282655.59827000,0
1758690000000000,5.30800000,5.50300000,5.28900000,5.43200000,810049.62000000,1758693599999999,4386897.78425000,24496,367397.47000000,1989916.44194000,0
1758693600000000,5.43200000,5.56700000,5.40200000,5.49000000,1258382.80000000,1758697199999999,6898610.72407000,26788,632891.52000000,3471702.92869000,0
1758697200000000,5.48500000,5.56800000,5.45500000,5.49000000,978197.84000000,1758700799999999,5388351.86606000,26222,467131.57000000,2573461.48584000,0
1758700800000000,5.48800000,5.51300000,5.21900000,5.28500000,1048959.97000000,1758704399999999,5618134.83546000,22335,402800.32000000,2159806.34643000,0
1758704400000000,5.28500000,5.31400000,5.18800000,5.20400000,912259.05000000,1758707999999999,4783334.43611000,22093,360866.71000000,1893030.10082000,0
1758708000000000,5.20300000,5.22200000,5.01400000,5.04000000,1259933.91000000,1758711599999999,6454694.07830000,28191,494655.46000000,2533066.46837000,0
1758711600000000,5.04000000,5.09200000,4.86100000,4.95300000,1168263.08000000,1758715199999999,5820817.74029000,26207,536960.41000000,2675210.70015000,0
1758715200000000,4.95200000,4.97700000,4.86800000,4.92000000,617698.62000000,1758718799999999,3034410.86973000,16950,311778.17000000,1531645.45423000,0
1758718800000000,4.92100000,5.04300000,4.91700000,5.00900000,1662707.90000000,1758722399999999,8293987.44552000,33399,578545.17000000,2884475.58921000,0
1758722400000000,5.00900000,5.11400000,4.91300000,4.92700000,1730679.81000000,1758725999999999,8708646.95949000,28461,511934.11000000,2574987.02048000,0
1758726000000000,4.92700000,5.05900000,4.90100000,5.01600000,411385.84000000,1758729599999999,2043835.01465000,13021,218943.67000000,1088203.88744000,0
1758729600000000,5.01600000,5.02800000,4.83800000,4.97500000,349012.48000000,1758733199999999,1724438.84706000,12848,166630.16000000,823737.17809000,0
1758733200000000,4.97500000,5.07800000,4.97200000,5.03700000,356124.21000000,1758736799999999,1791110.58276000,15744,189976.98000000,955551.38958000,0
1758736800000000,5.03500000,5.12500000,5.01200000,5.10500000,329557.16000000,1758740399999999,1668103.48053000,12570,183762.80000000,930385.94972000,0
1758740400000000,5.10400000,5.19600000,5.03900000,5.07900000,455242.84000000,1758743999999999,2332758.60665000,13854,229288.22000000,1175689.52628000,0
1758744000000000,5.07900000,5.11900000,5.00100000,5.00300000,248133.29000000,1758747599999999,1252241.36284000,8105,139727.34000000,705123.00097000,0
1758747600000000,5.00200000,5.04500000,4.95600000,5.00800000,269573.27000000,1758751199999999,1348129.71575000,8013,149706.76000000,749122.54233000,0
1758751200000000,5.00700000,5.03900000,4.93900000,4.98400000,249843.91000000,1758754799999999,1246235.92496000,10548,113872.00000000,568219.26723000,0
1758754800000000,4.98500000,5.03600000,4.91000000,5.00500000,277806.94000000,1758758399999999,1384935.01242000,11437,136932.00000000,682812.57128000,0
1758758400000000,5.00600000,5.01400000,4.62000000,4.64500000,744641.78000000,1758761999999999,3565406.08524000,27304,338001.96000000,1620542.74688000,0
1758762000000000,4.64600000,4.67000000,4.53200000,4.57600000,478585.20000000,1758765599999999,2211390.57176000,13199,247493.15000000,1144015.15452000,0
1758765600000000,4.57700000,4.58900000,4.48800000,4.52200000,424418.73000000,1758769199999999,1923804.73066000,12774,212489.89000000,963534.16852000,0
1758769200000000,4.52000000,4.52900000,4.22700000,4.28500000,679808.56000000,1758772799999999,2949361.38360000,19189,299390.91000000,1294359.59178000,0
1758772800000000,4.28400000,4.30700000,4.21500000,4.24400000,384579.44000000,1758776399999999,1637314.20998000,10173,199691.44000000,850468.67495000,0
1758776400000000,4.24400000,4.39100000,4.21700000,4.25700000,583918.64000000,1758779999999999,2510633.32183000,14877,306270.71000000,1317574.87888000,0
1758780000000000,4.25500000,4.27100000,4.15600000,4.21800000,443080.54000000,1758783599999999,1864690.60869000,13538,233157.47000000,981409.67838000,0
1758783600000000,4.21700000,4.22200000,4.03800000,4.09600000,714036.88000000,1758787199999999,2943676.13678000,19657,357450.40000000,1473387.66686000,0
1758787200000000,4.09600000,4.12400000,3.89500000,3.91900000,1167779.58000000,1758790799999999,4647360.56246000,22223,460479.15000000,1837039.75632000,0
1758790800000000,3.91900000,4.01400000,3.91000000,3.93300000,498706.19000000,1758794399999999,1976593.87463000,13053,266563.27000000,1056809.38406000,0
1758794400000000,3.93200000,4.07400000,3.92100000,3.96700000,415534.22000000,1758797999999999,1660747.81924000,11419,218300.55000000,872129.60481000,0
1758798000000000,3.96800000,3.97500000,3.84800000,3.87100000,376221.66000000,1758801599999999,1473409.99808000,12506,172823.23000000,677227.61580000,0
1758801600000000,3.87000000,3.89500000,3.76300000,3.77600000,462617.94000000,1758805199999999,1775852.48681000,13452,236484.35000000,908230.17571000,0
1758805200000000,3.77500000,3.80600000,3.66100000,3.71500000,564796.13000000,1758808799999999,2105632.06215000,18810,284450.74000000,1060985.36661000,0
1758808800000000,3.71400000,3.79100000,3.64900000,3.69600000,557502.81000000,1758812399999999,2071719.83658000,18689,268975.24000000,998856.35464000,0
1758812400000000,3.69600000,3.85300000,3.68500000,3.77400000,652780.69000000,1758815999999999,2452604.62810000,17813,361931.40000000,1361558.03864000,0
1758816000000000,3.77400000,4.01100000,3.70700000,3.88000000,1099679.29000000,1758819599999999,4239104.47270000,28549,526074.14000000,2030653.71137000,0
1758819600000000,3.87900000,3.94800000,3.81900000,3.84600000,486786.15000000,1758823199999999,1885541.58327000,16419,217178.70000000,841991.72213000,0
1758823200000000,3.84700000,3.86500000,3.74100000,3.84300000,410484.65000000,1758826799999999,1560949.79399000,14179,197998.49000000,753143.77434000,0
1758826800000000,3.84400000,3.84900000,3.75800000,3.77200000,238500.90000000,1758830399999999,909377.93463000,8123,120267.18000000,458519.54973000,0
1758830400000000,3.77300000,3.77500000,3.65500000,3.71300000,314644.56000000,1758833999999999,1167309.66558000,7977,160191.40000000,594392.76199000,0
1758834000000000,3.71200000,3.90400000,3.65700000,3.89400000,290493.90000000,1758837599999999,1089640.73112000,7354,173004.95000000,651108.31754000,0
1758837600000000,3.89300000,3.92000000,3.80400000,3.85200000,688451.01000000,1758841199999999,2661065.00974000,14614,330642.01000000,1279879.79831000,0
1758841200000000,3.85300000,3.98400000,3.83400000,3.91700000,603793.50000000,1758844799999999,2360229.91923000,14838,324585.13000000,1268596.72827000,0
1758844800000000,3.91700000,4.45500000,3.85700000,4.29600000,2574442.49000000,1758848399999999,10761377.34833000,58324,1342866.15000000,5613524.09076000,0
1758848400000000,4.29700000,4.39000000,4.00700000,4.13100000,1016918.33000000,1758851999999999,4260428.77711000,24196,500883.59000000,2100064.63792000,0
1758852000000000,4.13000000,4.13000000,3.92400000,3.98700000,814305.87000000,1758855599999999,3252822.05737000,15624,421931.44000000,1684782.03932000,0
1758855600000000,3.98800000,3.99100000,3.87800000,3.95600000,387268.15000000,1758859199999999,1523526.89860000,9815,183722.22000000,722662.88688000,0
1758859200000000,3.95500000,3.95900000,3.78100000,3.79800000,344912.72000000,1758862799999999,1322976.40560000,8944,153299.47000000,588234.27772000,0
1758862800000000,3.79900000,4.00200000,3.79300000,3.94400000,594790.64000000,1758866399999999,2327732.58949000,12720,364737.40000000,1430741.15367000,0
1758866400000000,3.94400000,4.08300000,3.87800000,3.88800000,551517.33000000,1758869999999999,2199246.22930000,14280,262513.93000000,1048802.25381000,0
1758870000000000,3.88800000,4.04700000,3.85300000,4.02000000,407283.68000000,1758873599999999,1605224.31222000,11386,214249.87000000,845170.90646000,0
1758873600000000,4.02100000,4.08400000,3.92700000,3.95400000,510525.66000000,1758877199999999,2039005.85267000,12709,251804.05000000,1006803.75839000,0
1758877200000000,3.95500000,4.06900000,3.86200000,3.89300000,699001.34000000,1758880799999999,2784861.82990000,13972,334755.32000000,1333072.07935000,0
1758880800000000,3.89400000,3.89900000,3.76300000,3.78300000,537409.39000000,1758884399999999,2042920.83683000,9281,204656.71000000,778198.64266000,0
1758884400000000,3.78400000,3.78400000,3.65000000,3.74200000,517352.44000000,1758887999999999,1922845.02485000,10243,206554.44000000,768236.85482000,0
1758888000000000,3.74100000,3.74200000,3.52100000,3.57500000,717069.56000000,1758891599999999,2586446.73138000,14140,331412.75000000,1194269.01301000,0
1758891600000000,3.57400000,3.57500000,3.44100000,3.51300000,738256.32000000,1758895199999999,2584492.84200000,14038,351846.29000000,1231810.84892000,0
1758895200000000,3.51300000,3.52200000,3.34100000,3.39400000,809775.50000000,1758898799999999,2758722.56825000,13157,395757.50000000,1346697.47539000,0
1758898800000000,3.39500000,3.44400000,3.34800000,3.42900000,484938.90000000,1758902399999999,1646338.26058000,9159,241313.42000000,819172.40564000,0
1758902400000000,3.42900000,3.48000000,3.40100000,3.45400000,411650.02000000,1758905999999999,1416520.12331000,9452,219196.32000000,754451.71360000,0
1758906000000000,3.45400000,3.66200000,3.45100000,3.61000000,649988.59000000,1758909599999999,2320181.93098000,11235,350897.16000000,1251446.83861000,0
1758909600000000,3.61000000,3.66600000,3.53600000,3.62200000,573323.44000000,1758913199999999,2069805.28460000,10978,266234.61000000,961536.70728000,0
1758913200000000,3.62200000,3.62200000,3.54200000,3.58000000,268159.83000000,1758916799999999,958652.34572000,6307,126990.32000000,454055.90739000,0
1758916800000000,3.57900000,3.64100000,3.56500000,3.57800000,377044.67000000,1758920399999999,1356913.85106000,7092,199596.64000000,718171.76462000,0
1758920400000000,3.57700000,3.68800000,3.57500000,3.66700000,272327.69000000,1758923999999999,988820.92737000,6001,150413.79000000,545934.98237000,0
1758924000000000,3.67000000,3.75300000,3.65000000,3.71000000,279590.04000000,1758927599999999,1031802.02345000,6938,162561.81000000,599904.39949000,0
1758927600000000,3.71200000,3.72300000,3.63600000,3.67900000,255256.66000000,1758931199999999,938283.96578000,7510,124570.37000000,457910.58660000,0
1758931200000000,3.68000000,3.68900000,3.56600000,3.59300000,321343.50000000,1758934799999999,1157326.10337000,9198,173118.95000000,623677.61283000,0
1758934800000000,3.59400000,3.75600000,3.59400000,3.65900000,422217.31000000,1758938399999999,1555884.69533000,10485,201597.34000000,742697.93369000,0
1758938400000000,3.65900000,3.68800000,3.59600000,3.64400000,255565.68000000,1758941999999999,929530.91782000,6416,139769.51000000,508380.87510000,0
1758942000000000,3.64400000,3.69300000,3.59600000,3.66000000,294444.33000000,1758945599999999,1073144.71903000,6997,149695.35000000,545314.47385000,0
1758945600000000,3.66000000,3.74900000,3.64900000,3.73100000,274101.13000000,1758949199999999,1013042.21822000,7043,140176.42000000,518070.36498000,0
1758949200000000,3.72900000,3.83000000,3.69000000,3.78800000,374890.73000000,1758952799999999,1411360.96273000,9476,194863.83000000,733689.28830000,0
1758952800000000,3.79000000,3.92200000,3.78200000,3.86600000,628811.86000000,1758956399999999,2428913.77186000,14614,322033.86000000,1243259.80395000,0
1758956400000000,3.86700000,3.99600000,3.81300000,3.83000000,705910.00000000,1758959999999999,2760114.01519000,17775,357798.69000000,1399342.80108000,0
1758960000000000,3.83000000,3.86300000,3.68500000,3.70100000,468980.16000000,1758963599999999,1769889.56446000,11473,213304.91000000,805887.61761000,0
1758963600000000,3.70000000,3.70600000,3.54100000,3.57000000,461698.78000000,1758967199999999,1666269.05110000,12845,207240.86000000,747468.53478000,0
1758967200000000,3.56900000,3.56900000,3.47100000,3.53500000,336579.03000000,1758970799999999,1186491.45035000,9085,172017.64000000,606563.67839000,0
1758970800000000,3.53500000,3.54800000,3.49100000,3.50300000,196965.48000000,1758974399999999,693733.69968000,5493,104904.04000000,369609.75070000,0
1758974400000000,3.50200000,3.61300000,3.45300000,3.60200000,358692.85000000,1758977999999999,1265839.81605000,9956,177796.48000000,628176.24262000,0
1758978000000000,3.60200000,3.69100000,3.53800000,3.57500000,428878.73000000,1758981599999999,1548408.84154000,11447,202203.15000000,729435.14102000,0
1758981600000000,3.57500000,3.65800000,3.56400000,3.62500000,289953.16000000,1758985199999999,1049908.93519000,8181,149183.37000000,540201.62328000,0
1758985200000000,3.62300000,3.63300000,3.53400000,3.59100000,304811.84000000,1758988799999999,1092806.90643000,7622,149677.40000000,536899.27601000,0
1758988800000000,3.59100000,3.61200000,3.52900000,3.55300000,254383.17000000,1758992399999999,908841.56246000,6311,107650.83000000,385053.72857000,0
1758992400000000,3.55400000,3.56800000,3.46900000,3.51500000,227715.38000000,1758995999999999,800349.24818000,5879,111063.32000000,390555.84176000,0
1758996000000000,3.51500000,3.68100000,3.49000000,3.67000000,211708.90000000,1758999599999999,757578.45820000,5552,127223.64000000,455773.62570000,0
1758999600000000,3.66900000,3.68800000,3.61900000,3.62800000,224134.05000000,1759003199999999,818224.45786000,7208,102932.02000000,375808.35665000,0
1759003200000000,3.62800000,3.67500000,3.58000000,3.61400000,211341.29000000,1759006799999999,767980.77306000,5100,96689.86000000,351668.61934000,0
1759006800000000,3.61300000,3.67300000,3.58100000,3.66000000,163227.91000000,1759010399999999,592225.49222000,4238,96076.15000000,348774.88874000,0
1759010400000000,3.65900000,3.75500000,3.64800000,3.72200000,260920.39000000,1759013999999999,964828.37756000,7472,153514.05000000,567596.89217000,0
1759014000000000,3.72100000,3.75500000,3.69000000,3.73100000,251399.34000000,1759017599999999,934134.37861000,7560,142169.94000000,528270.11429000,0
1759017600000000,3.73100000,3.78700000,3.58500000,3.60300000,358950.71000000,1759021199999999,1313899.14537000,10480,180048.41000000,659821.56045000,0
1759021200000000,3.60300000,3.61300000,3.51100000,3.55100000,197861.09000000,1759024799999999,703728.05008000,5852,97817.61000000,347838.58891000,0
1759024800000000,3.55000000,3.73100000,3.51300000,3.66200000,561629.84000000,1759028399999999,2044961.12574000,12935,330350.14000000,1201129.36358000,0
1759028400000000,3.66300000,3.71700000,3.61000000,3.63100000,242059.55000000,1759031999999999,884883.13087000,6436,122330.93000000,447905.63617000,0
1759032000000000,3.63200000,3.67100000,3.54100000,3.54700000,215277.65000000,1759035599999999,776844.18618000,5844,102456.33000000,370198.78018000,0
1759035600000000,3.54500000,3.57600000,3.50000000,3.54300000,193605.54000000,1759039199999999,684639.85605000,5359,105714.95000000,373858.49437000,0
1759039200000000,3.54200000,3.54700000,3.45300000,3.50100000,304721.37000000,1759042799999999,1063113.77987000,6428,186502.52000000,650556.31368000,0
1759042800000000,3.50100000,3.60400000,3.49000000,3.55200000,233037.43000000,1759046399999999,828219.01788000,5888,134448.38000000,477818.19323000,0
1759046400000000,3.55000000,3.56300000,3.48000000,3.49100000,159691.97000000,1759049999999999,561881.52182000,4650,73772.86000000,259692.23249000,0
1759050000000000,3.49200000,3.51600000,3.46700000,3.48200000,134168.59000000,1759053599999999,467471.82722000,3607,66328.40000000,231318.19905000,0
1759053600000000,3.48200000,3.58000000,3.45000000,3.54900000,155405.15000000,1759057199999999,547386.11855000,5014,77891.44000000,274496.35012000,0
1759057200000000,3.54900000,3.61000000,3.47200000,3.59200000,368860.57000000,1759060799999999,1309053.83701000,9097,169478.54000000,601151.31096000,0
1759060800000000,3.59300000,3.67600000,3.58800000,3.60100000,442198.42000000,1759064399999999,1604451.54619000,12211,225614.53000000,818702.08812000,0
1759064400000000,3.60100000,3.62500000,3.54300000,3.58600000,328146.86000000,1759067999999999,1174869.41636000,8637,171376.38000000,613421.80574000,0
1759068000000000,3.58600000,3.60900000,3.53900000,3.59100000,256247.41000000,1759071599999999,913232.28430000,6818,123615.62000000,440544.28160000,0
1759071600000000,3.59000000,3.65700000,3.56400000,3.60800000,267925.60000000,1759075199999999,969612.64132000,7115,139215.94000000,503721.14342000,0
1759075200000000,3.60700000,3.73100000,3.56100000,3.71000000,369710.35000000,1759078799999999,1350339.39173000,9693,193785.76000000,707827.31735000,0
1759078800000000,3.70900000,3.88600000,3.70100000,3.87400000,762947.41000000,1759082399999999,2890527.55013000,17981,400475.28000000,1518664.89990000,0
1759082400000000,3.87300000,3.88100000,3.67400000,3.68700000,412098.06000000,1759085999999999,1544030.68921000,9522,175341.60000000,657585.93911000,0
1759086000000000,3.68800000,3.72300000,3.64800000,3.66600000,167131.52000000,1759089599999999,615845.59348000,4883,82416.92000000,303978.19720000,0
1759089600000000,3.66700000,3.76300000,3.65700000,3.73300000,201496.34000000,1759093199999999,745548.11748000,5448,115455.90000000,427225.05053000,0
1759093200000000,3.73400000,3.81200000,3.69000000,3.76800000,303255.94000000,1759096799999999,1140040.15739000,7158,161886.22000000,608860.77414000,0
1759096800000000,3.76900000,3.81400000,3.72200000,3.75800000,528207.05000000,1759100399999999,1989190.02605000,9336,250621.28000000,943839.84998000,0
1759100400000000,3.75900000,3.77700000,3.70000000,3.72300000,239787.05000000,1759103999999999,892570.01477000,5398,121624.00000000,452810.08421000,0
1759104000000000,3.72400000,3.73800000,3.61000000,3.65800000,402518.93000000,1759107599999999,1475557.54599000,8916,198994.48000000,729155.55054000,0
1759107600000000,3.65400000,3.66100000,3.53400000,3.54100000,324222.61000000,1759111199999999,1164851.07217000,6067,129767.05000000,466725.63690000,0
1759111200000000,3.54100000,3.56400000,3.52100000,3.53200000,208931.58000000,1759114799999999,739691.49437000,4344,102833.53000000,364144.47427000,0
1759114800000000,3.53200000,3.70200000,3.52400000,3.69200000,706734.37000000,1759118399999999,2565564.90915000,9805,393020.69000000,1424254.74713000,0
1759118400000000,3.69200000,3.79400000,3.66600000,3.70800000,712986.69000000,1759121999999999,2655512.34924000,11948,303435.25000000,1130928.24500000,0
1759122000000000,3.70700000,3.70900000,3.61300000,3.66000000,300982.60000000,1759125599999999,1101040.43466000,6713,148568.41000000,543502.62057000,0
1759125600000000,3.65900000,3.71900000,3.61000000,3.68900000,225112.09000000,1759129199999999,824303.61602000,5124,116961.17000000,428522.81973000,0
1759129200000000,3.68800000,3.74300000,3.62200000,3.65500000,234164.18000000,1759132799999999,862758.58784000,5541,113420.47000000,418071.78404000,0
1759132800000000,3.65600000,3.67800000,3.59500000,3.59900000,169498.17000000,1759136399999999,616627.09763000,4420,89282.54000000,325038.55304000,0
1759136400000000,3.59600000,3.59900000,3.54400000,3.57700000,285848.72000000,1759139999999999,1020390.03677000,8465,133990.57000000,478156.63155000,0
1759140000000000,3.57700000,3.57700000,3.50400000,3.50800000,251540.59000000,1759143599999999,891074.83900000,8808,109499.23000000,387871.51958000,0
1759143600000000,3.50800000,3.51200000,3.37300000,3.42800000,456507.17000000,1759147199999999,1567039.68808000,10806,218941.80000000,750626.17126000,0
1759147200000000,3.42900000,3.43200000,3.24500000,3.25100000,482548.53000000,1759150799999999,1609959.39648000,9149,196726.85000000,656034.85282000,0
1759150800000000,3.25200000,3.32700000,3.22100000,3.27300000,502151.23000000,1759154399999999,1639876.74255000,9677,253019.07000000,826270.05939000,0
1759154400000000,3.27400000,3.29200000,3.13400000,3.14100000,713928.21000000,1759157999999999,2281555.51510000,11202,288727.98000000,923976.54486000,0
1759158000000000,3.14000000,3.14000000,2.84300000,2.85900000,1201658.56000000,1759161599999999,3599939.02619000,18110,578386.22000000,1731220.92528000,0
1759161600000000,2.86000000,2.94600000,2.76000000,2.78800000,740081.34000000,1759165199999999,2102530.83538000,12064,408489.67000000,1164209.62514000,0
1759165200000000,2.78800000,2.91900000,2.71000000,2.89500000,839184.91000000,1759168799999999,2357358.38013000,13789,422243.82000000,1185836.60296000,0
1759168800000000,2.89500000,2.91600000,2.80800000,2.86000000,516595.90000000,1759172399999999,1477823.49640000,9248,248041.48000000,709906.99417000,0
1759172400000000,2.85900000,2.98400000,2.84600000,2.93100000,450556.90000000,1759175999999999,1321369.06725000,8851,238428.58000000,699816.46266000,0
1759176000000000,2.93200000,3.04400000,2.92300000,2.94900000,387185.13000000,1759179599999999,1155124.75204000,8193,182473.88000000,544529.12067000,0
1759179600000000,2.94700000,2.97800000,2.91700000,2.92400000,276256.97000000,1759183199999999,813006.69021000,6125,132139.96000000,389248.36502000,0
1759183200000000,2.92500000,2.92900000,2.87600000,2.91400000,251634.24000000,1759186799999999,730846.41215000,5813,115082.54000000,334489.01609000,0
1759186800000000,2.91400000,2.92400000,2.86700000,2.88500000,188466.33000000,1759190399999999,545045.99028000,4979,88422.97000000,255655.71776000,0
1759190400000000,2.88500000,2.90400000,2.74600000,2.75300000,318945.68000000,1759193999999999,899933.50783000,7835,138550.62000000,391546.57075000,0
1759194000000000,2.75200000,2.75900000,2.65600000,2.68700000,342612.83000000,1759197599999999,930940.73597000,7892,137271.13000000,372915.93626000,0
1759197600000000,2.68800000,2.74100000,2.62800000,2.71100000,527700.52000000,1759201199999999,1415414.59947000,10469,289362.57000000,776849.50933000,0
1759201200000000,2.70900000,2.72700000,2.66100000,2.67800000,379148.37000000,1759204799999999,1021933.55847000,7590,217002.11000000,584982.60339000,0
1759204800000000,2.67800000,2.72700000,2.62900000,2.65400000,285844.09000000,1759208399999999,769518.79994000,5845,158817.85000000,427755.54156000,0
1759208400000000,2.65400000,2.78000000,2.65300000,2.76400000,416714.13000000,1759211999999999,1139610.74249000,8808,217697.05000000,595320.11946000,0
1759212000000000,2.76500000,2.76600000,2.67000000,2.69500000,352485.20000000,1759215599999999,956656.25543000,6444,160357.96000000,435092.90236000,0
1759215600000000,2.69500000,2.70700000,2.63000000,2.66600000,325424.88000000,1759219199999999,866574.00946000,6321,185456.26000000,493541.87657000,0
1759219200000000,2.66700000,2.80000000,2.66500000,2.74200000,448782.33000000,1759222799999999,1229869.36738000,8710,228699.33000000,626661.73899000,0
1759222800000000,2.74300000,2.75700000,2.66300000,2.68300000,356292.70000000,1759226399999999,966550.72972000,6075,147661.33000000,400603.76342000,0
1759226400000000,2.68200000,2.68700000,2.63200000,2.66800000,349777.07000000,1759229999999999,929285.95465000,6409,167150.06000000,444190.97824000,0
1759230000000000,2.66900000,2.66900000,2.52600000,2.58100000,716552.09000000,1759233599999999,1849231.12462000,10548,368864.87000000,951049.40486000,0
1759233600000000,2.58000000,2.59200000,2.53200000,2.53800000,350986.89000000,1759237199999999,896592.37174000,5876,183653.05000000,469379.70207000,0
1759237200000000,2.53800000,2.59600000,2.46800000,2.47000000,714368.71000000,1759240799999999,1799606.59699000,9835,294787.42000000,743153.30201000,0
1759240800000000,2.46800000,2.49700000,2.43400000,2.46900000,385383.48000000,1759244399999999,949761.87122000,6486,170649.76000000,420700.96052000,0
1759244400000000,2.46900000,2.46900000,2.39400000,2.43200000,413453.81000000,1759247999999999,1003340.00187000,6320,166369.83000000,404225.59607000,0
1759248000000000,2.43300000,2.53000000,2.40400000,2.51800000,555754.05000000,1759251599999999,1367861.17323000,7839,285353.59000000,702345.44027000,0
1759251600000000,2.51700000,2.51800000,2.43700000,2.44300000,513994.01000000,1759255199999999,1269539.54045000,6358,255173.71000000,629356.40236000,0
1759255200000000,2.44200000,2.47700000,2.41300000,2.45300000,245199.22000000,1759258799999999,599164.61123000,4418,124359.79000000,303817.55779000,0
1759258800000000,2.45100000,2.49600000,2.39600000,2.45300000,334752.01000000,1759262399999999,820894.86085000,5459,178781.81000000,438322.08492000,0
1759262400000000,2.45300000,2.50400000,2.41900000,2.48800000,322144.72000000,1759265999999999,794461.74898000,4789,164642.39000000,405988.67295000,0
1759266000000000,2.48700000,2.54800000,2.47900000,2.51400000,434377.07000000,1759269599999999,1092731.04428000,5364,244519.10000000,615168.54618000,0
1759269600000000,2.51500000,2.56100000,2.50700000,2.52900000,297456.81000000,1759273199999999,753877.32381000,6473,168317.59000000,426398.84950000,0
1759273200000000,2.52700000,2.58200000,2.51800000,2.53900000,345336.74000000,1759276799999999,880372.79533000,6765,183604.36000000,468021.72795000,0
